Reactant,R_SinglePointEnergy,R_SolvEnergy,R_ThermalCorrectionGibbs,R_GibbsFreeEnergy,Product,P_SinglePointEnergy,R_SolvEnergy,P_ThermalCorrectionGibbs,P_GibbsFreeEnergy,AnodeLimit(V)
mol117_,-577.7171127,-0.06490850000000137,0.020156,-577.7618652,mol117_minus1Na,-415.4130962,-0.027542799999991985,0.018334,-415.422305,3.9234260703737784
mol16_,-539.6347607,-0.08573209999997289,0.012179,-539.7083138,mol16_minus1Na,-377.3679281,-0.028175800000042273,0.013626,-377.3824779,3.54996750531089
mol2693_,-737.3054663,-0.07276189999993221,-0.017801,-737.3960291999999,mol2693_minus2Na,-412.6561932,-0.04585269999995489,-0.017774,-412.71981989999995,3.883818395344947
mol2709_,-959.9841656,-0.07875690000003033,-0.025382,-960.0883045,mol2709_minus1Na,-797.6476341,-0.03997519999995802,-0.020347,-797.7079563,5.033328065503111
mol2980_,-1000.8714373,-0.1137145000000146,-0.009084,-1000.9942358000001,mol2980_minus3Na,-513.9022389,-0.012143199999968601,-0.013534,-513.9279161000001,4.355536267295303
